# rewrites
/motorsport-wiring-loom                                             /motorsport-harnesses                                   200!
/battery-cables                                                     /battery-and-hv-cables                                  200!
/electric-vehicle-wiring-loom                                       /electric-vehicle-and-hybrid-vehicle-wiring-harnesses   200!
/agricultural-wiring-loom                                           /agricultural-looms                                     200!
# redirects
/wire-and-cable-preparation                                         /wire-preparation                               301
/home                                                               /                                               301
/wiring-products/wiring-loom/wiring-harness/	                    /wiring-harness                                 301
/wiring-products/control-panels/	                                /control-panels                                 301
/wiring-products/wiring-loom/	                                    /wiring-loom                                    301
/about-asl/management-team/	                                        /team                                           301
/wiring-products/cable-assembly/	                                /cable-assembly                                 301
/case-studies/	                                                    /projects                                       301
/wiring-products/control-panels/electrical-control-panel/	        /electrical-control-panels                      301
/about-asl/	                                                        /about                                          301
/wiring-products/wiring-loom/motorsport-wiring-loom/	            /motorsport-wiring-loom                         301
/wiring-products/cable-assembly/cable-assemblies/	                /cable-assemblies                               301
/wiring-products/control-panels/automotive-control-panel/	        /automotive-control-panel                       301
/wiring-products/wire-preparation/earth-strap/	                    /earth-strap                                    301
/wiring-products/control-panels/panel-wiring/	                    /panel-wiring                                   301
/wiring-products/wire-preparation/	                                /wire-preparation                               301
/wiring-products/cable-assembly/braided-cable/	                    /braided-cable                                  301
/wiring-products/cable-assembly/battery-cables/	                    /battery-cables                                 301
/wiring-products/wire-preparation/cable-preparation/	            /cable-preparation                              301
/wiring-products/wiring-loom/electric-vehicle-wiring-loom/	        /electric-vehicle-wiring-loom                   301
/wiring-products/control-panels/box-build-and-electromechanical/    /panel-build                                    301
/wiring-products/wiring-loom/cable-looms/	                        /cable-looms                                    301
/project/brompton-bicycle-wiring-loom/	                            /projects/brompton-bicycle-choose-asl-for-wiring-looms-and-cable-assemblies      301
/markets/	                                                        /industries                                     301
/wiring-products/wiring-loom/agricultural-vehicle-wiring-loom/	    /agricultural-wiring-loom                       301
/wiring-products/control-panels/nuclear-control-panel/	            /nuclear-control-panel                          301
/wiring-products/wiring-loom/trailer-wiring-loom/	                /trailer-wiring-loom                            301
/wiring-products/cable-assembly/ribbon-cables/	                    /ribbon-cables                                  301
/news-article/amanda-celebrates-10-years-at-asl/	                /news/amanda-celebrates-10-years-at-asl         301
/news-article/damien-walsh-service-milestone/	                    /news/damien-celebrates-20-years-at-asl         301

#other old links
/contact/                                                           /                                               301
/wiring-products/wiring-loom/                                       /                                               301
/wiring-products/control-panels/                                    /                                               301
/about-asl/management-team/                                         /                                               301
/wiring-products/wiring-loom/wiring-harness/                        /                                               301
/about-asl/vacancies/                                               /                                               301
/wiring-products/control-panels/electrical-control-panel/           /                                               301
/wiring-products/cable-assembly/                                    /                                               301
/case-studies/                                                      /                                               301
/wiring-products/                                                   /                                               301
/about-asl/                                                         /                                               301
/about-asl/factory/                                                 /                                               301
/about-cmti/                                                        /                                               301
/about-asl/machinery/                                               /                                               301
/wiring-products/cable-assembly/cable-assemblies/                   /                                               301
/wiring-products/cable-assembly/battery-cables/                     /                                               301
/about-asl/awards/                                                  /                                               301
/wiring-products/control-panels/automotive-control-panel/           /                                               301
/wiring-products/cable-assembly/braided-cable/                      /                                               301
/wiring-products/control-panels/panel-wiring/                       /                                               301
/wiring-products/wire-preparation/                                  /                                               301
/wiring-products/control-panels/industrial-control-panels/          /                                               301
/send-drawings-now/                                                 /                                               301
/wiring-products/wire-preparation/earth-strap/                      /                                               301
/about-cmti/facilities/                                             /                                               301
/wiring-products/wiring-loom/motorsport-wiring-loom/                /                                               301
/wiring-products/wiring-loom/electric-vehicle-wiring-loom/          /                                               301
/wiring-products/cable-assembly/ribbon-cables/                      /                                               301
/wiring-products/wire-preparation/cable-preparation/                /                                               301
/wiring-products/wiring-loom/truck-wiring-loom/                     /                                               301
/markets/                                                           /                                               301
/project/brompton-bicycle-wiring-loom/                              /                                               301
/cable-services/                                                    /                                               301
/cable-services/label & wire marker printing/                       /                                               301
/news-article/10-years-service-for-family-member/                   /                                               301
/wiring-products/control-panels/utility-control-panels/             /                                               301
/wiring-products/control-panels/box-build-and-electromechanical/    /                                               301
/markets/rail-cables/                                               /                                               301
/wiring-products/wiring-loom/bus-wiring-loom/                       /                                               301
/wiring-products/wire-preparation/ultrasonic-cables/                /                                               301
/wiring-products/wiring-loom/agricultural-vehicle-wiring-loom/      /                                               301
/markets/nuclear-control-panels/                                    /                                               301
/wiring-products/wiring-loom/trailer-wiring-loom/                   /                                               301
/cable-services/authorised distributorship/                         /                                               301
/wiring-products/wire-preparation/consumer-unit-cables/             /                                               301
/project/optare-group-ltd/                                          /                                               301
/wiring-products/cable-assembly/ventilator-cables/                  /                                               301
/wiring-products/wiring-loom/ambulance-wiring-loom/                 /                                               301
/wiring-products/automotive/                                        /                                               301
/about-cmti/certification/                                          /                                               301
/wiring-products/industrial/communication/                          /                                               301
/wiring-products/industrial/printerplotter/                         /                                               301
/news-article/gareth-balshaw-appointed-managing-director/           /                                               301
/wiring-products/industrial/                                        /                                               301
/wiring-products/wiring-loom/cable-looms/                           /                                               301
/about-asl/awards/asl-win-north-west-manufacturing-business-2015/   /                                               301
/markets/automotive-wiring-loom/                                    /                                               301
/news-article/damien-walsh-service-milestone/                       /                                               301
/project/canberra/                                                  /                                               301
/wiring-products/aerospace/                                         /                                               301
/about-cmti/finance/                                                /                                               301
/cable-services/testers/                                            /                                               301
/wiring-products/medical/hospital equipment/                        /                                               301
/cable-services/ultrasonic-welding/                                 /                                               301
/wiring-products/control-panels/highways-control-panels/            /                                               301
/wiring-products/wiring-loom/industrial-wiring-loom/                /                                               301
/markets/utility-cables/                                            /                                               301
/wiring-products/control-panels/nuclear-control-panel/              /                                               301
/cable-services/molding capability/                                 /                                               301
/markets/security-cables/                                           /                                               301
/wiring-products/industrial/machineries/                            /                                               301
/cable-services/npi support/                                        /                                               301
/cable-services/value added service/                                /                                               301
/markets/test-and-measurement-cables/                               /                                               301
/project/united-utilities-control-panel/                            /                                               301
/news-article/amanda-celebrates-10-years-at-asl/                    /                                               301
/wiring-products/wiring-loom/hybrid-vehicle-wiring-loom/            /                                               301
/wiring-products/automotive/test/                                   /                                               301
/wiring-products/control-panels/panel-build/                        /                                               301
/wiring-products/wiring-loom/fire-engine-wiring-loom/               /                                               301
/cable-services/cable-stripper/                                     /                                               301
/wiring-products/automotive/entertainment/                          /                                               301
/about-asl/awards/asl-win-bolton-family-business-2016/              /                                               301
/news-article/cell-leader-celebrates-10-years-service/              /                                               301
/wiring-products/wiring-loom/custodial-vehicle-wiring-loom/         /                                               301
/news-article/asl-welcome-john-waterworth/                          /                                               301
/news-article/staff-trained-ipc-620/                                /                                               301
/wiring-products/aerospace/inflight devices/                        /                                               301
/news-article/team-trek-ben-nevis/                                  /                                               301
/about-asl/testimonials                                             /                                               301
/news-article/dave-webster-completes-10-years-service/              /                                               301
/news-article/gareth-edwards-promoted-to-head-of-sales-commercial/  /                                               301
/cable-services/wire-stripping/                                     /                                               301
/markets/heating-and-air-conditioning-control-panel/                /                                               301
/news/refer-a-customer/                                             /                                               301
/cable-services/rework-assemblies/                                  /                                               301
/news-article/megastrip-machine/                                    /                                               301
/wiring-products/aerospace/military application/                    /                                               301
/markets/aerospace/                                                 /                                               301
/markets/highways/                                                  /                                               301    
/wiring-products/cable-assembly/high-voltage-cables/                /                                               301
/wiring-products/cable-assembly/rogowski-cable-assembly/            /                                               301
/wiring-products/cable-assembly/vehicle-cables/                     /                                               301
/2015/07/09/sales-director/                                         /                                               301                                     
/cable-services/cable-printing/                                     /                                               301
/cable-services/coils/                                              /                                               301
/catalog/Adminhtml_product_action/attribute                         /                                               301
/cms/Adminhtml_page/index                                           /                                               301
/markets/general-engineering/                                       /                                               301
/news-article/amanda-celebrates-10-years-at-asl-copy/               /                                               301
/news/blog/                                                         /                                               301
/search                                                             /                                               301
/translate_c                                                        /                                               301
/wiring-products/cable-assembly/multicore-cables/                   /                                               301
/wiring-products/wiring-loom/                                       /                                               301
/wp-admin                                                           /                                               301  
